{
  "label": "mask_blur_unusable",
  "n_total": 384,
  "n_positives": 131,
  "arm_scalar": {
    "mcc_mean": 0.36917046868647463,
    "mcc_std": 0.09783003517199629,
    "pr_auc_mean": 0.6465284726311197,
    "brier_mean": 0.22647840607332678,
    "n_folds": 25
  },
  "trained_at": 1779126502,
  "cv_elapsed_s": 9.8
}