{
  "label": "mask_blur_unusable",
  "n_total": 374,
  "n_positives": 121,
  "arm_scalar": {
    "mcc_mean": 0.32213738604490827,
    "mcc_std": 0.1035862118981672,
    "pr_auc_mean": 0.6021614472188511,
    "brier_mean": 0.2304153457928201,
    "n_folds": 25
  },
  "trained_at": 1779125067,
  "cv_elapsed_s": 12.9
}