{
  "label": "mask_blur_unusable",
  "n_total": 313,
  "n_positives": 99,
  "arm_scalar": {
    "mcc_mean": 0.3103420058155644,
    "mcc_std": 0.11006348635884955,
    "pr_auc_mean": 0.5696948515985215,
    "brier_mean": 0.23001663451245197,
    "n_folds": 25
  },
  "trained_at": 1779123699,
  "cv_elapsed_s": 35.5
}