{
  "label": "mask_poor-contrast",
  "n_total": 374,
  "n_positives": 24,
  "arm_scalar": {
    "mcc_mean": 0.36762923231403627,
    "mcc_std": 0.18642276472784836,
    "pr_auc_mean": 0.42312415819361154,
    "brier_mean": 0.05964936876294871,
    "n_folds": 25
  },
  "trained_at": 1779125067,
  "cv_elapsed_s": 12.6
}