{
  "label": "mask_poor-contrast",
  "n_total": 384,
  "n_positives": 24,
  "arm_scalar": {
    "mcc_mean": 0.360199422377722,
    "mcc_std": 0.19836354544306314,
    "pr_auc_mean": 0.4238572188725347,
    "brier_mean": 0.059133467900947666,
    "n_folds": 25
  },
  "trained_at": 1779126502,
  "cv_elapsed_s": 9.6
}