{
  "variant": "grounding_dino__insectsam",
  "decision_threshold": 0.05,
  "results": [
    {
      "label": "mask_blur_unusable",
      "skipped": false,
      "n_total_wo": 317,
      "n_pos_wo": 77,
      "n_total_w": 317,
      "n_pos_w": 77,
      "auc_without_mask": 0.7716666666666667,
      "auc_with_mask": 0.7538888888888888,
      "delta_auc": -0.017777777777777892,
      "decision_for_label": "drop_mask",
      "folds_without_mask": [
        0.7213541666666667,
        0.7578125,
        0.8069444444444445,
        0.8194444444444445,
        0.7527777777777778
      ],
      "folds_with_mask": [
        0.734375,
        0.7447916666666666,
        0.7555555555555556,
        0.7930555555555555,
        0.7416666666666667
      ]
    },
    {
      "label": "mask_blur_usable",
      "skipped": false,
      "n_total_wo": 317,
      "n_pos_wo": 50,
      "n_total_w": 317,
      "n_pos_w": 50,
      "auc_without_mask": 0.6487351502445842,
      "auc_with_mask": 0.6578197064989517,
      "delta_auc": 0.009084556254367548,
      "decision_for_label": "drop_mask",
      "folds_without_mask": [
        0.662962962962963,
        0.7222222222222223,
        0.6716981132075471,
        0.5339622641509434,
        0.6528301886792452
      ],
      "folds_with_mask": [
        0.6481481481481481,
        0.7296296296296296,
        0.6943396226415094,
        0.5660377358490566,
        0.6509433962264151
      ]
    },
    {
      "label": "mask_poor-contrast",
      "skipped": false,
      "n_total_wo": 317,
      "n_pos_wo": 15,
      "n_total_w": 317,
      "n_pos_w": 15,
      "auc_without_mask": 0.5441712204007285,
      "auc_with_mask": 0.627431693989071,
      "delta_auc": 0.08326047358834243,
      "decision_for_label": "keep_mask",
      "folds_without_mask": [
        0.639344262295082,
        0.7759562841530054,
        0.6444444444444444,
        0.18888888888888886,
        0.4722222222222222
      ],
      "folds_with_mask": [
        0.8469945355191256,
        0.2568306010928961,
        0.8500000000000001,
        0.4111111111111111,
        0.7722222222222221
      ]
    }
  ],
  "keep_segmenter": true
}