{
  "label": "mask_bad-photo-quality",
  "n_total": 384,
  "n_positives": 55,
  "arm_scalar": {
    "mcc_mean": 0.22945585140223967,
    "mcc_std": 0.14629864241930982,
    "pr_auc_mean": 0.3927607598339919,
    "brier_mean": 0.14430563273962638,
    "n_folds": 25
  },
  "trained_at": 1779126502,
  "cv_elapsed_s": 9.7
}