{
  "label": "mask_bad-photo-quality",
  "n_total": 296,
  "n_positives": 30,
  "arm_scalar": {
    "mcc_mean": 0.11993161943450219,
    "mcc_std": 0.18115421662478343,
    "pr_auc_mean": 0.3228958974985703,
    "brier_mean": 0.09940541385080072,
    "n_folds": 25
  },
  "trained_at": 1779123178,
  "cv_elapsed_s": 31.3
}