{
  "label": "mask_bad-photo-quality",
  "n_total": 313,
  "n_positives": 34,
  "arm_scalar": {
    "mcc_mean": 0.11968794172351516,
    "mcc_std": 0.1375246208253292,
    "pr_auc_mean": 0.3008350097390172,
    "brier_mean": 0.11843574798902835,
    "n_folds": 25
  },
  "trained_at": 1779123699,
  "cv_elapsed_s": 35.3
}